Document,Overall Score,Summary,Strengths Count,Weaknesses Count,Status,Interdisciplinary Integration Score,Scientific Rigor Score,Change Management and Implementation Strategy Score,Clarity of Onboarding Definition Score,Clinical Relevance Score,Evidence Quality Score,Generalist vs. Specialist Orientation Score,Includes Evaluation Metrics Score,Institutional or Contextual Case Study Score,Mentions Digital or IT Tools Score,Methodology Score,Onboarding IT Score,Overall Relevance Score for Physician Onboarding Score,Safety Assessment Score,Scalability and Transferability Score,Specificity to Physicians Score,Summary of Key Contributions Score,Use of Theoretical Frameworks or Models Score
123456789.pdf,4.2,"This manuscript provides a comprehensive overview of onboarding practices in anesthesia, emphasizing...",6,6,✅ Success,5,3,4,5,5,3,4,4,4,3,3,2,5,5,4,4,5,2
40022743.pdf,3.5,"This article describes a neurosurgical mission trip to Lviv, Ukraine, conducted by the Co-Pilot Proj...",5,5,✅ Success,4,2,3,0,5,2,0,1,4,2,2,0,0,3,4,0,4,1
39969456.pdf,4.1,This article presents a comprehensive educational curriculum developed by the North American Neuromo...,5,5,✅ Success,5,3,3,4,5,3,5,2,1,3,3,1,4,4,4,5,4,4
39748348.pdf,4.0,This qualitative study explores how residents adapt to their new roles during the transition to resi...,5,5,✅ Success,4,4,3,3,4,3,3,1,3,0,4,0,4,1,3,5,4,5
39689028.pdf,3.2,This commentary explores the vital role of mentorship in pain medicine across a physician's career t...,5,5,✅ Success,4,1,2,2,4,2,4,0,1,0,1,0,3,2,3,5,3,2
39467721.pdf,3.5,"This article examines the critical shortage in the pediatric anesthesiology workforce, highlighting ...",5,5,✅ Success,4,2,3,0,5,3,4,1,2,1,2,0,1,3,3,5,4,1
39242999.pdf,3.5,"This cross-sectional survey study examined mentorship dynamics in anesthesiology across Europe, with...",5,6,✅ Success,2,3,2,1,4,3,3,1,2,0,3,0,2,1,3,5,3,0
39045417.pdf,3.2,This study examines residency training programs in Anesthesiology and Intensive Care (AIC) and Emerg...,5,5,✅ Success,3,3,2,1,4,3,4,3,3,2,3,1,3,2,3,5,4,1
39036163.pdf,3.5,"This article describes the development, implementation, and evaluation of a structured onboarding pr...",5,5,✅ Success,3,2,3,4,4,2,3,3,4,3,2,2,4,2,3,4,4,1
38919433.pdf,3.5,This randomized controlled trial compared the effectiveness of human cadaver versus blue phantom mod...,5,5,✅ Success,2,4,1,1,5,4,3,4,3,3,4,1,3,4,3,5,4,1
38744551.pdf,3.2,"This editorial discusses the British Journal of Anaesthesia (BJA) Editorial Fellowship program, whic...",5,5,✅ Success,3,2,2,3,3,1,3,2,4,2,2,1,3,0,4,4,4,1
38496363.pdf,4.0,This study uses Q-methodology to identify patterns in medical residents' preferences for organizatio...,5,5,✅ Success,4,4,3,4,4,3,3,1,3,1,4,0,4,1,3,5,4,4
38343471.pdf,3.2,This article describes a 4-week summer anesthesiology preceptorship program at Baylor University Med...,5,7,✅ Success,2,2,1,0,4,2,3,3,3,0,2,0,2,2,3,1,3,0
38289857.pdf,3.5,This article examines the challenges faced by mid-career women anesthesiologists that prevent their ...,5,5,✅ Success,4,2,3,0,4,3,4,1,2,1,2,0,1,1,3,5,4,2
38173630.pdf,3.5,This article describes the implementation of thoracoscopic resection for congenital pulmonary airway...,5,5,✅ Success,3,2,3,2,5,3,4,3,4,1,3,1,4,4,4,5,4,1
38162707.pdf,3.2,This study examines residency training programs in Anesthesiology and Intensive Care (AIC) and Emerg...,5,5,✅ Success,3,3,2,0,4,3,4,3,4,3,3,1,2,2,3,5,4,2
38133566.pdf,3.2,This longitudinal cohort study examines the association between an anesthesia department's faculty d...,5,5,✅ Success,2,4,2,3,3,4,2,3,4,1,4,1,3,0,3,5,4,1
38113930.pdf,3.2,This article describes a needs assessment survey conducted by the American Association of Nurse Anes...,5,5,✅ Success,3,2,3,2,4,2,4,1,3,4,2,3,3,1,4,1,4,1
37712617.pdf,3.1,This article describes the implementation of a Quality Improvement Fellow (QIF) position within a Cr...,5,6,✅ Success,3,1,2,1,3,1,3,0,3,1,1,1,2,2,3,4,3,1
37712466.pdf,3.5,"This article discusses the importance of mentorship, sponsorship, and allyship for practicing anesth...",5,5,✅ Success,4,2,3,1,4,3,4,3,2,1,2,0,3,2,4,5,4,3
37684165.pdf,3.5,"This article provides a comprehensive global perspective on academic anaesthesiology, comparing trai...",5,5,✅ Success,4,2,3,0,3,2,0,0,4,1,2,0,1,0,3,5,4,1
37646585.pdf,3.5,This article describes the implementation of a comprehensive point-of-care ultrasound (POCUS) progra...,5,5,✅ Success,4,2,3,2,5,2,4,3,4,5,2,5,3,3,4,1,4,2
36774471.pdf,3.2,"This article describes the development and evaluation of a new, inexpensive ultrasound-guided centra...",5,5,✅ Success,1,3,2,0,5,3,3,3,3,2,3,1,1,4,4,4,4,1
36709273.pdf,3.5,"This study evaluates the implementation and impact of Pediatric Project ECHO for Pain, a virtual med...",5,5,✅ Success,4,3,3,0,4,2,3,3,3,4,3,1,1,1,4,2,4,2
36643864.pdf,3.5,This article evaluates the effectiveness of an orientation session provided to new patients at The O...,6,6,✅ Success,4,3,3,4,4,2,3,3,4,2,3,1,2,1,3,0,4,2
36331372.pdf,4.0,"This article evaluates the Women's Empowerment and Leadership Initiative (WELI), a program launched ...",5,5,✅ Success,4,3,3,0,3,2,3,4,3,3,3,1,1,0,4,5,4,2
36274996.pdf,3.2,"This article describes the challenges facing academic anesthesiologists in conducting research, incl...",5,6,✅ Success,3,2,2,2,4,3,4,1,2,0,2,0,3,1,3,5,3,0
35853704.pdf,3.5,This article describes the development and implementation of a competence-based simulation program f...,5,5,✅ Success,2,3,3,3,4,3,4,4,4,2,3,1,2,3,3,0,4,1
35707019.pdf,3.5,This study evaluates knowledge acquisition in Regional Anesthesiology and Acute Pain Medicine (RAAPM...,5,6,✅ Success,2,3,2,1,4,3,5,3,4,1,3,1,3,2,3,5,4,1
35659402.pdf,3.5,"This narrative review examines mentorship in anesthesiology across different career stages, from med...",5,5,✅ Success,3,2,3,2,4,2,4,1,3,1,2,0,3,1,3,5,4,2
35550391.pdf,3.5,This qualitative study examines how women acquire leadership positions in anesthesiology. Using cons...,5,5,✅ Success,2,4,2,0,3,3,3,0,3,1,4,0,2,0,3,5,4,3
35242473.pdf,3.5,This study evaluates the effectiveness of a one-day simulation and procedural bootcamp for first-yea...,5,5,✅ Success,2,3,2,3,4,3,4,3,4,2,3,1,4,3,4,5,4,1
34750746.pdf,3.5,This study evaluates the impact of a quality improvement (QI) bundle on opioid prescribing practices...,5,5,✅ Success,4,4,3,0,5,4,0,3,4,4,4,1,1,3,4,2,4,1
34733389.pdf,3.2,This article presents a qualitative evaluation of the Acute Care Operational Research (ACOR) course ...,5,5,✅ Success,2,3,2,1,3,3,4,3,4,3,3,1,2,0,3,5,4,1
34540632.pdf,3.5,This article describes a 4-year Medical Education Reform Program (MERP) implemented in the Departmen...,5,5,✅ Success,4,3,4,0,4,3,4,3,4,4,3,1,2,2,3,4,4,2
34517375.pdf,3.8,"This article describes the development, implementation, and early outcomes of the Women's Empowermen...",5,5,✅ Success,4,3,4,1,3,3,4,4,4,3,3,1,2,0,4,5,4,3
34459437.pdf,3.2,This study examines mentorship patterns in an academic anesthesiology department through a survey of...,5,6,✅ Success,2,3,2,0,3,2,2,2,3,0,3,0,1,0,2,5,4,1
34188632.pdf,2.5,"This cross-sectional study examines mentorship in anesthesiology training programs in Riyadh, Saudi ...",5,6,✅ Success,1,2,1,0,3,2,3,1,3,0,2,0,2,0,2,5,3,1
34043602.pdf,3.5,This article describes the implementation of a mentorship program called MentorME at Emory Universit...,5,5,✅ Success,3,2,3,2,4,2,4,3,4,2,2,1,4,0,4,5,4,2
33786528.pdf,3.5,This article describes the implementation and evaluation of speed mentoring events for women faculty...,5,5,✅ Success,2,2,3,1,3,2,3,3,4,1,2,1,3,0,4,5,4,1
33768148.pdf,3.5,This article describes a workshop designed to prepare senior anesthesiology residents to train junio...,5,5,✅ Success,2,3,3,3,4,2,4,3,3,2,3,1,4,2,4,5,4,4
33447652.pdf,3.5,This article describes a 5-day high-fidelity Simulation Boot Camp (SBC) for first-year anesthesiolog...,5,5,✅ Success,3,3,2,3,4,3,4,3,4,3,3,1,4,3,3,5,4,2
33225015.pdf,3.5,This study surveyed US anesthesiology residency program directors about their orientation practices ...,5,6,✅ Success,2,3,1,3,4,2,5,2,3,2,3,1,4,3,3,5,3,1
32964069.pdf,3.8,This article describes the development and implementation of an advanced boot camp for graduating pe...,5,5,✅ Success,4,2,3,2,5,2,5,2,4,1,3,1,4,3,4,5,4,3
32726879.pdf,3.5,This special interest article explores the role of mentorship in pediatric anesthesia from training ...,5,5,✅ Success,3,1,2,2,4,2,5,1,2,1,1,1,3,3,3,5,4,2
32593377.pdf,2.5,This historical article examines the mentorship relationship between Dr. Ralph Waters and Dr. Virgin...,5,5,✅ Success,1,2,0,0,3,2,2,0,4,0,2,0,2,1,2,5,3,0
32547933.pdf,3.1,This brief report describes a retrospective study examining the relationship between an integrative ...,5,7,✅ Success,3,2,2,1,4,2,3,3,3,1,2,1,3,1,3,5,3,1
32379882.pdf,3.5,This article addresses the challenges faced by pain medicine fellowship programs during the COVID-19...,5,5,✅ Success,4,2,3,2,5,2,4,3,3,4,2,2,3,3,4,5,4,2
32267048.pdf,3.5,This article addresses the challenges faced by pain medicine fellowship programs during the COVID-19...,5,5,✅ Success,4,1,3,2,5,1,4,2,3,4,1,1,3,3,3,5,4,1
32069469.pdf,3.2,This study evaluates whether adding part-task training to the Pecha Kucha method improves success ra...,5,5,✅ Success,2,3,1,0,4,3,2,3,2,2,3,1,2,3,2,4,3,1
31988981.pdf,4.1,This study evaluates the impact of an 8-module online preoperative evaluation course for PGY-1 anest...,6,6,✅ Success,3,4,3,4,5,4,4,4,4,4,4,3,5,2,4,5,4,2
31988980.pdf,3.5,This study examines the experiences of practicing anesthesiologists transitioning from training to c...,5,6,✅ Success,3,3,2,4,4,3,3,2,1,1,3,1,4,1,3,5,4,1
31372584.pdf,3.5,This article provides guidance for junior investigators conducting pain clinical trials. It covers t...,6,5,✅ Success,4,4,2,1,5,4,4,3,2,4,5,1,2,4,4,4,4,3
30881915.pdf,3.5,This study evaluates a mentorship program implemented for anesthesiology residents at Shahid Behesht...,5,5,✅ Success,3,3,4,2,4,3,4,4,4,3,3,2,4,2,4,5,4,1
30638919.pdf,3.5,This article describes a comprehensive perioperative ultrasound (US) training program for anesthesia...,5,5,✅ Success,3,3,3,2,5,3,4,4,4,3,3,1,4,3,3,5,4,2
30134254.pdf,2.5,This study examined learning preferences of first-year anesthesiology residents during their orienta...,5,6,✅ Success,1,2,0,1,2,2,2,2,3,2,2,1,2,0,2,4,3,2
29928666.pdf,3.5,This study surveys anesthesiology residency program directors about the structure and design of the ...,5,5,✅ Success,3,2,2,3,4,2,3,2,2,1,2,1,4,1,3,5,3,0
29547425.pdf,3.5,This article reviews four short subspecialty courses designed to improve anesthesia education in low...,5,5,✅ Success,4,2,3,0,5,2,4,3,3,2,2,1,1,3,4,4,4,1
29461263.pdf,3.2,This article examines the relationship between feedback and burnout prevention in anesthesiology. It...,5,5,✅ Success,3,2,2,0,4,3,3,2,3,1,2,0,1,3,2,5,3,2
29030677.pdf,2.5,This document is a World Health Assembly resolution (WHA68.15) from May 2015 that focuses on strengt...,5,5,✅ Success,4,2,3,0,5,3,3,3,0,1,2,0,0,4,4,2,4,1
28884135.pdf,3.2,This study surveyed anesthesiology residency program directors in the US to identify current practic...,5,6,✅ Success,2,3,1,2,3,2,3,2,3,1,3,0,3,0,3,5,3,1
28649448.pdf,3.5,"This article describes the development, implementation, and evaluation of a week-long Junior Faculty...",5,5,✅ Success,4,2,4,2,3,2,4,3,4,3,3,1,4,0,4,4,4,1
28092066.pdf,3.2,This article presents a cross-sectional survey study examining mentorship perspectives among Canadia...,5,5,✅ Success,2,3,2,1,4,3,3,2,3,1,3,0,3,1,3,5,4,1
27878890.pdf,3.5,This qualitative study explores the experiences of anesthesia trainees transitioning to work at a te...,5,5,✅ Success,2,4,2,2,4,3,4,1,4,0,4,0,4,3,3,5,4,3
27848199.pdf,3.5,"This article describes the development, implementation, and evaluation of an Anesthesiology Resident...",5,5,✅ Success,4,3,4,2,4,3,4,3,5,1,3,1,3,3,4,5,4,3
27787571.pdf,2.5,This article presents a practical guide to anesthesia for medical students during clinical rotations...,5,5,✅ Success,3,1,1,2,4,1,2,0,1,3,1,2,3,3,3,4,3,0
27555175.pdf,3.2,This article presents results from a survey of anesthesiology residency program directors regarding ...,5,6,✅ Success,2,2,1,2,3,2,2,1,2,0,3,0,3,1,3,5,3,0
27246662.pdf,4.2,This randomized double-blinded trial compared two different transducer orientation techniques for te...,5,5,✅ Success,2,4,2,0,5,4,3,4,0,3,4,1,2,3,3,4,4,1
27185704.pdf,3.2,This article describes the development and implementation of a 1-week preclinical elective ('selecti...,5,5,✅ Success,3,2,2,0,3,2,3,3,4,1,2,0,1,2,3,1,4,1
27060087.pdf,3.5,This qualitative study explores mentorship in anesthesiology by examining perspectives from both men...,5,5,✅ Success,2,3,2,2,4,3,3,2,4,0,4,0,3,1,3,5,4,1
26934609.pdf,3.5,This study surveyed 132 ACGME-accredited anesthesiology residency programs in the United States to a...,5,5,✅ Success,3,3,2,2,4,2,3,3,3,3,3,2,3,3,4,5,4,1
26087911.pdf,2.5,This study examines mentorship in Canadian anesthesiology residency programs through surveys of prog...,5,6,✅ Success,1,3,1,0,3,2,2,1,2,1,3,0,1,0,2,4,3,0
